"Match_id";"Inning_no";"Batting_team_id";"Bowling_team_id"
1312200;1;1;6
1312200;2;6;1
1312199;1;2;1
1312199;2;1;2
1312198;1;2;7
1312198;2;7;2
1312197;1;1;6
1312197;2;6;1
1304116;1;3;9
1304116;2;9;3
1304115;1;4;10
1304115;2;10;4
1304114;1;5;1
1304114;2;1;5
1304113;1;6;2
1304113;2;2;6
1304112;1;7;8
1304112;2;8;7
1304111;1;3;10
1304111;2;10;3
1304110;1;4;9
1304110;2;9;4
1304109;1;1;7
1304109;2;7;1
1304108;1;5;6
1304108;2;6;5
1304107;1;8;3
1304107;2;3;8
1304106;1;9;2
1304106;2;2;9
1304105;1;5;10
1304105;2;10;5
1304104;1;1;4
1304104;2;4;1
1304103;1;6;7
1304103;2;7;6
1304102;1;8;10
1304102;2;10;8
1304101;1;5;4
1304101;2;4;5
1304100;1;2;3
1304100;2;3;2
1304099;1;7;8
1304099;2;8;7
1304098;1;9;1
1304098;2;1;9
1304097;1;10;6
1304097;2;6;10
1304096;1;4;3
1304096;2;3;4
1304095;1;2;5
1304095;2;5;2
1304094;1;6;9
1304094;2;9;6
1304093;1;1;8
1304093;2;8;1
1304092;1;5;3
1304092;2;3;5
1304091;1;7;4
1304091;2;4;7
1304090;1;1;10
1304090;2;10;1
1304089;1;2;6
1304089;2;6;2
1304088;1;7;9
1304088;2;9;7
1304087;1;8;4
1304087;2;4;8
1304086;1;3;6
1304086;2;6;3
1304085;1;1;2
1304085;2;2;1
1304084;1;9;5
1304084;2;5;9
1304083;1;7;10
1304083;2;10;7
1304082;1;2;3
1304082;2;3;2
1304081;1;6;8
1304081;2;8;6
1304080;1;1;4
1304080;2;4;1
1304079;1;10;5
1304079;2;5;10
1304078;1;9;4
1304078;2;4;9
1304077;1;2;7
1304077;2;7;2
1304076;1;1;8
1304076;2;8;1
1304075;1;5;6
1304075;2;6;5
1304074;1;9;3
1304074;2;3;9
1304073;1;2;4
1304073;2;4;2
1304072;1;7;10
1304072;2;10;7
1304071;1;8;3
1304071;2;3;8
1304070;1;6;1
1304070;2;1;6
1304069;1;9;10
1304069;2;10;9
1304068;1;5;2
1304068;2;2;5
1304067;1;6;3
1304067;2;3;6
1304066;1;1;7
1304066;2;7;1
1304065;1;4;8
1304065;2;8;4
1304064;1;10;2
1304064;2;2;10
1304063;1;5;3
1304063;2;3;5
1304062;1;9;6
1304062;2;6;9
1304061;1;4;7
1304061;2;7;4
1304060;1;10;8
1304060;2;8;10
1304059;1;1;2
1304059;2;2;1
1304058;1;7;3
1304058;2;3;7
1304057;1;9;5
1304057;2;5;9
1304056;1;6;4
1304056;2;4;6
1304055;1;1;10
1304055;2;10;1
1304054;1;9;8
1304054;2;8;9
1304053;1;5;7
1304053;2;7;5
1304052;1;8;2
1304052;2;2;8
1304051;1;1;3
1304051;2;3;1
1304050;1;7;6
1304050;2;6;7
1304049;1;2;9
1304049;2;9;2
1304048;1;10;4
1304048;2;4;10
1304047;1;5;8
1304047;2;8;5
1254117;1;5;8
1254117;2;8;5
1254116;1;4;8
1254116;2;8;4
1254115;1;2;8
1254115;2;8;2
1254114;1;4;5
1254114;2;5;4
1254101;1;4;2
1254101;2;2;4
1254088;1;10;3
1254088;2;3;10
1254106;1;8;1
1254106;2;1;8
1254094;1;5;9
1254094;2;9;5
1254095;1;3;2
1254095;2;2;3
1254093;1;1;10
1254093;2;10;1
1254110;1;5;4
1254110;2;4;5
1254090;1;2;9
1254090;2;9;2
1254109;1;3;8
1254109;2;8;3
1254112;1;10;4
1254112;2;4;10
1254089;1;5;1
1254089;2;1;5
1254102;1;8;9
1254102;2;9;8
1254091;1;3;5
1254091;2;5;3
1254103;1;1;2
1254103;2;2;1
1254099;1;9;10
1254099;2;10;9
1254092;1;4;8
1254092;2;8;4
1254100;1;1;3
1254100;2;3;1
1254098;1;8;5
1254098;2;5;8
1254108;1;2;10
1254108;2;10;2
1254097;1;4;1
1254097;2;1;4
1254107;1;9;3
1254107;2;3;9
1254113;1;2;5
1254113;2;5;2
1254096;1;10;8
1254096;2;8;10
1254105;1;3;4
1254105;2;4;3
1254111;1;1;9
1254111;2;9;1
1254087;1;2;8
1254087;2;8;2
1254104;1;5;10
1254104;2;10;5
1254086;1;9;4
1254086;2;4;9
1254085;1;1;3
1254085;2;3;1
1254084;1;5;10
1254084;2;10;5
1254083;1;9;2
1254083;2;2;9
1254082;1;8;4
1254082;2;4;8
1254081;1;1;10
1254081;2;10;1
1254080;1;3;5
1254080;2;5;3
1254079;1;2;4
1254079;2;4;2
1254078;1;9;8
1254078;2;8;9
1254077;1;4;3
1254077;2;3;4
1254076;1;5;2
1254076;2;2;5
1254075;1;8;1
1254075;2;1;8
1254074;1;10;9
1254074;2;9;10
1254073;1;1;2
1254073;2;2;1
1254072;1;5;8
1254072;2;8;5
1254071;1;9;3
1254071;2;3;9
1254070;1;10;4
1254070;2;4;10
1254069;1;5;1
1254069;2;1;5
1254068;1;9;4
1254068;2;4;9
1254067;1;2;8
1254067;2;8;2
1254066;1;10;3
1254066;2;3;10
1254065;1;9;5
1254065;2;5;9
1254064;1;4;1
1254064;2;1;4
1254063;1;2;3
1254063;2;3;2
1254062;1;10;8
1254062;2;8;10
1254061;1;9;1
1254061;2;1;9
1254060;1;8;3
1254060;2;3;8
1254059;1;5;4
1254059;2;4;5
1254058;1;10;2
1254058;2;2;10
1237181;1;4;10
1237181;2;10;4
1237180;1;4;3
1237180;2;3;4
1237178;1;2;3
1237178;2;3;2
1237177;1;10;4
1237177;2;4;10
1216495;1;10;3
1216495;2;3;10
1216505;1;2;4
1216505;2;4;2
1216530;1;8;1
1216530;2;1;8
1216506;1;9;5
1216506;2;5;9
1216535;1;4;10
1216535;2;10;4
1216502;1;2;3
1216502;2;3;2
1216537;1;9;1
1216537;2;1;9
1216536;1;8;5
1216536;2;5;8
1216499;1;2;10
1216499;2;10;2
1216524;1;3;4
1216524;2;4;3
1216520;1;8;9
1216520;2;9;8
1216541;1;10;1
1216541;2;1;10
1216544;1;2;5
1216544;2;5;2
1216498;1;9;3
1216498;2;3;9
1216497;1;8;4
1216497;2;4;8
1216521;1;5;10
1216521;2;10;5
1216518;1;1;3
1216518;2;3;1
1216494;1;8;2
1216494;2;2;8
1216546;1;4;9
1216546;2;9;4
1216533;1;5;1
1216533;2;1;5
1216512;1;8;3
1216512;2;3;8
1216517;1;10;9
1216517;2;9;10
1216522;1;1;2
1216522;2;2;1
1216509;1;5;4
1216509;2;4;5
1216526;1;8;10
1216526;2;10;8
1216531;1;2;9
1216531;2;9;2
1216543;1;4;1
1216543;2;1;4
1216528;1;5;3
1216528;2;3;5
1216540;1;2;8
1216540;2;8;2
1216507;1;3;1
1216507;2;1;3
1216529;1;4;10
1216529;2;10;4
1216523;1;8;9
1216523;2;9;8
1216525;1;2;5
1216525;2;5;2
1216500;1;4;1
1216500;2;1;4
1216542;1;3;9
1216542;2;9;3
1216501;1;8;5
1216501;2;5;8
1216511;1;10;1
1216511;2;1;10
1216519;1;4;2
1216519;2;2;4
1216513;1;9;5
1216513;2;5;9
1216538;1;10;3
1216538;2;3;10
1216514;1;1;2
1216514;2;2;1
1216515;1;4;8
1216515;2;8;4
1216516;1;3;5
1216516;2;5;3
1216503;1;10;9
1216503;2;9;10
1216504;1;8;1
1216504;2;1;8
1216532;1;3;4
1216532;2;4;3
1216547;1;2;10
1216547;2;10;2
1216527;1;9;1
1216527;2;1;9
1216545;1;3;8
1216545;2;8;3
1216539;1;4;5
1216539;2;5;4
1216510;1;9;2
1216510;2;2;9
1216508;1;10;8
1216508;2;8;10
1216496;1;1;5
1216496;2;5;1
1216534;1;2;3
1216534;2;3;2
1216493;1;4;9
1216493;2;9;4
1216492;1;10;5
1216492;2;5;10
1181768;1;10;5
1181768;2;5;10
1181767;1;4;5
1181767;2;5;4
1181766;1;3;4
1181766;2;4;3
1181764;1;5;10
1181764;2;10;5
1178430;1;5;9
1178430;2;9;5
1178431;1;8;10
1178431;2;10;8
1178429;1;3;2
1178429;2;2;3
1178428;1;1;4
1178428;2;4;1
1178427;1;9;8
1178427;2;8;9
1178426;1;10;3
1178426;2;3;10
1178425;1;5;4
1178425;2;4;5
1178424;1;2;1
1178424;2;1;2
1178423;1;3;9
1178423;2;9;3
1178422;1;8;10
1178422;2;10;8
1178421;1;4;2
1178421;2;2;4
1178420;1;3;1
1178420;2;1;3
1178419;1;10;5
1178419;2;5;10
1178418;1;8;1
1178418;2;1;8
1178417;1;2;9
1178417;2;9;2
1178416;1;3;5
1178416;2;5;3
1178415;1;1;4
1178415;2;4;1
1178413;1;8;3
1178413;2;3;8
1178414;1;2;5
1178414;2;5;2
1178412;1;9;4
1178412;2;4;9
1178411;1;10;1
1178411;2;1;10
1178410;1;2;8
1178410;2;8;2
1178409;1;10;4
1178409;2;4;10
1178408;1;5;3
1178408;2;3;5
1178407;1;9;1
1178407;2;1;9
1178406;1;2;10
1178406;2;10;2
1178404;1;8;5
1178404;2;5;8
1178405;1;4;3
1178405;2;3;4
1178402;1;10;1
1178402;2;1;10
1178403;1;9;2
1178403;2;2;9
1178401;1;8;4
1178401;2;4;8
1178400;1;1;5
1178400;2;5;1
1178399;1;9;10
1178399;2;10;9
1178398;1;8;5
1178398;2;5;8
1178397;1;3;9
1178397;2;9;3
1178396;1;1;8
1178396;2;8;1
1178395;1;2;4
1178395;2;4;2
1178394;1;10;3
1178394;2;3;10
1178393;1;5;9
1178393;2;9;5
1175372;1;2;8
1175372;2;8;2
1175371;1;4;3
1175371;2;3;4
1175370;1;10;5
1175370;2;5;10
1175369;1;2;1
1175369;2;1;2
1175368;1;9;4
1175368;2;4;9
1175366;1;3;2
1175366;2;2;3
1175367;1;5;1
1175367;2;1;5
1175365;1;8;4
1175365;2;4;8
1175364;1;10;9
1175364;2;9;10
1175363;1;1;3
1175363;2;3;1
1175362;1;10;2
1175362;2;2;10
1175361;1;8;9
1175361;2;9;8
1175360;1;4;5
1175360;2;5;4
1175359;1;9;1
1175359;2;1;9
1175358;1;4;10
1175358;2;10;4
1175357;1;3;8
1175357;2;8;3
1175356;1;2;5
1175356;2;5;2
1136620;1;3;5
1136620;2;5;3
1136619;1;3;8
1136619;2;8;3
1136618;1;8;1
1136618;2;1;8
1136617;1;3;5
1136617;2;5;3
1136616;1;9;5
1136616;2;5;9
1136615;1;4;10
1136615;2;10;4
1136614;1;3;8
1136614;2;8;3
1136613;1;1;2
1136613;2;2;1
1136612;1;4;5
1136612;2;5;4
1136611;1;2;3
1136611;2;3;2
1136610;1;10;9
1136610;2;9;10
1136609;1;1;8
1136609;2;8;1
1136608;1;9;2
1136608;2;2;9
1136607;1;10;1
1136607;2;1;10
1136606;1;3;5
1136606;2;5;3
1136605;1;4;2
1136605;2;2;4
1136604;1;8;9
1136604;2;9;8
1136603;1;5;1
1136603;2;1;5
1136602;1;4;3
1136602;2;3;4
1136601;1;10;8
1136601;2;8;10
1136600;1;1;9
1136600;2;9;1
1136599;1;3;2
1136599;2;2;3
1136598;1;1;9
1136598;2;9;1
1136597;1;10;8
1136597;2;8;10
1136596;1;4;3
1136596;2;3;4
1136595;1;2;5
1136595;2;5;2
1136594;1;9;10
1136594;2;10;9
1136593;1;5;8
1136593;2;8;5
1136592;1;4;1
1136592;2;1;4
1136591;1;2;10
1136591;2;10;2
1136590;1;5;4
1136590;2;4;5
1136588;1;3;1
1136588;2;1;3
1136589;1;2;8
1136589;2;8;2
1136587;1;5;10
1136587;2;10;5
1136586;1;4;8
1136586;2;8;4
1136585;1;3;9
1136585;2;9;3
1136584;1;2;5
1136584;2;5;2
1136583;1;3;10
1136583;2;10;3
1136582;1;9;4
1136582;2;4;9
1136581;1;10;1
1136581;2;1;10
1136580;1;5;3
1136580;2;3;5
1136579;1;4;2
1136579;2;2;4
1136578;1;8;9
1136578;2;9;8
1136577;1;5;1
1136577;2;1;5
1136576;1;9;3
1136576;2;3;9
1136575;1;1;8
1136575;2;8;1
1136574;1;10;2
1136574;2;2;10
1136573;1;8;4
1136573;2;4;8
1136572;1;9;5
1136572;2;5;9
1136571;1;1;2
1136571;2;2;1
1136570;1;8;3
1136570;2;3;8
1136569;1;10;4
1136569;2;4;10
1136568;1;9;2
1136568;2;2;9
1136567;1;10;3
1136567;2;3;10
1136566;1;1;4
1136566;2;4;1
1136565;1;8;5
1136565;2;5;8
1136564;1;1;3
1136564;2;3;1
1136562;1;4;9
1136562;2;9;4
1136563;1;2;8
1136563;2;8;2
1136561;1;10;5
1136561;2;5;10
1082650;1;10;11
1082650;2;11;10
1082649;1;10;8
1082649;2;8;10
1082648;1;3;8
1082648;2;8;3
1082647;1;10;11
1082647;2;11;10
1082646;1;4;2
1082646;2;2;4
1082645;1;11;9
1082645;2;9;11
1082644;1;8;10
1082644;2;10;8
1082643;1;12;3
1082643;2;3;12
1082642;1;4;11
1082642;2;11;4
1082641;1;10;9
1082641;2;9;10
1082640;1;12;4
1082640;2;4;12
1082639;1;9;8
1082639;2;8;9
1082638;1;3;10
1082638;2;10;3
1082636;1;2;8
1082636;2;8;2
1082637;1;9;12
1082637;2;12;9
1082635;1;4;10
1082635;2;10;4
1082634;1;3;11
1082634;2;11;3
1082633;1;2;9
1082633;2;9;2
1082632;1;4;12
1082632;2;12;4
1082631;1;8;11
1082631;2;11;8
1082630;1;4;3
1082630;2;3;4
1082629;1;11;12
1082629;2;12;11
1082628;1;10;2
1082628;2;2;10
1082627;1;3;8
1082627;2;8;3
1082626;1;9;4
1082626;2;4;9
1082625;1;12;10
1082625;2;10;12
1082624;1;11;2
1082624;2;2;11
1082622;1;8;4
1082622;2;4;8
1082623;1;9;3
1082623;2;3;9
1082621;1;2;12
1082621;2;12;2
1082620;1;11;8
1082620;2;8;11
1082618;1;10;11
1082618;2;11;10
1082617;1;8;2
1082617;2;2;8
1082616;1;12;9
1082616;2;9;12
1082615;1;11;3
1082615;2;3;11
1082614;1;10;4
1082614;2;4;10
1082613;1;8;12
1082613;2;12;8
1082612;1;9;10
1082612;2;10;9
1082611;1;3;4
1082611;2;4;3
1082610;1;12;2
1082610;2;2;12
1082608;1;4;8
1082608;2;8;4
1082609;1;3;9
1082609;2;9;3
1082607;1;2;11
1082607;2;11;2
1082606;1;10;12
1082606;2;12;10
1082605;1;4;9
1082605;2;9;4
1082604;1;8;3
1082604;2;3;8
1082603;1;12;11
1082603;2;11;12
1082602;1;2;10
1082602;2;10;2
1082601;1;8;9
1082601;2;9;8
1082600;1;10;3
1082600;2;3;10
1082599;1;11;4
1082599;2;4;11
1082598;1;9;2
1082598;2;2;9
1082597;1;10;8
1082597;2;8;10
1082596;1;3;12
1082596;2;12;3
1082595;1;2;4
1082595;2;4;2
1082594;1;9;11
1082594;2;11;9
1082593;1;12;8
1082593;2;8;12
1082592;1;11;10
1082592;2;10;11
1082591;1;3;2
1082591;2;2;3
981019;1;2;3
981019;2;3;2
981017;1;12;3
981017;2;3;12
981015;1;3;8
981015;2;8;3
981013;1;12;2
981013;2;2;12
981011;1;4;2
981011;2;2;4
981009;1;8;3
981009;2;3;8
981007;1;12;10
981007;2;10;12
981005;1;11;9
981005;2;9;11
981003;1;4;3
981003;2;3;4
981001;1;12;8
981001;2;8;12
980999;1;2;9
980999;2;9;2
980997;1;11;4
980997;2;4;11
980995;1;8;2
980995;2;2;8
980991;1;9;3
980991;2;3;9
980993;1;10;4
980993;2;4;10
980987;1;2;12
980987;2;12;2
980989;1;8;11
980989;2;11;8
980985;1;10;9
980985;2;9;10
980983;1;3;4
980983;2;4;3
980981;1;2;10
980981;2;10;2
980979;1;11;3
980979;2;3;11
980977;1;9;2
980977;2;2;9
980975;1;8;12
980975;2;12;8
980973;1;10;3
980973;2;3;10
980971;1;9;4
980971;2;4;9
980969;1;2;11
980969;2;11;2
980967;1;3;12
980967;2;12;3
980965;1;4;11
980965;2;11;4
980963;1;8;9
980963;2;9;8
980961;1;12;4
980961;2;4;12
980959;1;2;8
980959;2;8;2
980955;1;12;9
980955;2;9;12
980957;1;11;10
980957;2;10;11
980951;1;4;8
980951;2;8;4
980953;1;3;2
980953;2;2;3
980949;1;11;12
980949;2;12;11
980947;1;10;8
980947;2;8;10
980945;1;4;12
980945;2;12;4
980943;1;3;11
980943;2;11;3
980941;1;9;10
980941;2;10;9
980939;1;11;8
980939;2;8;11
980937;1;12;2
980937;2;2;12
980935;1;3;9
980935;2;9;3
980933;1;4;10
980933;2;10;4
980931;1;11;2
980931;2;2;11
980929;1;12;3
980929;2;3;12
980927;1;10;2
980927;2;2;10
980925;1;9;8
980925;2;8;9
980923;1;3;10
980923;2;10;3
980921;1;2;4
980921;2;4;2
980919;1;9;11
980919;2;11;9
980917;1;10;12
980917;2;12;10
980915;1;3;8
980915;2;8;3
980913;1;4;9
980913;2;9;4
980911;1;12;11
980911;2;11;12
980909;1;8;10
980909;2;10;8
980907;1;2;3
980907;2;3;2
980905;1;9;12
980905;2;12;9
980903;1;8;4
980903;2;4;8
980901;1;10;11
980901;2;11;10
829823;1;10;5
829823;2;5;10
829821;1;5;2
829821;2;2;5
829819;1;2;1
829819;2;1;2
829817;1;5;10
829817;2;10;5
829813;1;2;4
829813;2;4;2
829815;1;3;10
829815;2;10;3
829811;1;1;8
829811;2;8;1
829809;1;9;5
829809;2;5;9
829807;1;3;2
829807;2;2;3
829805;1;10;8
829805;2;8;10
829803;1;9;2
829803;2;2;9
829801;1;4;5
829801;2;5;4
829799;1;3;9
829799;2;9;3
829797;1;5;1
829797;2;1;5
829795;1;10;2
829795;2;2;10
829793;1;4;3
829793;2;3;4
829791;1;8;9
829791;2;9;8
829789;1;5;10
829789;2;10;5
829787;1;1;3
829787;2;3;1
829761;1;8;4
829761;2;4;8
829785;1;2;9
829785;2;9;2
829783;1;10;4
829783;2;4;10
829781;1;8;3
829781;2;3;8
829779;1;5;2
829779;2;2;5
829775;1;9;10
829775;2;10;9
829777;1;1;4
829777;2;4;1
829771;1;2;8
829771;2;8;2
829773;1;3;5
829773;2;5;3
829769;1;10;1
829769;2;1;10
829767;1;4;9
829767;2;9;4
829723;1;8;5
829723;2;5;8
829763;1;2;1
829763;2;1;2
829765;1;5;8
829765;2;8;5
829759;1;9;3
829759;2;3;9
829757;1;4;2
829757;2;2;4
829753;1;5;9
829753;2;9;5
829751;1;10;3
829751;2;3;10
829749;1;1;2
829749;2;2;1
829747;1;4;10
829747;2;10;4
829743;1;3;8
829743;2;8;3
829745;1;2;5
829745;2;5;2
829741;1;1;9
829741;2;9;1
829739;1;4;8
829739;2;8;4
829735;1;1;5
829735;2;5;1
829737;1;2;10
829737;2;10;2
829731;1;3;4
829731;2;4;3
829733;1;9;8
829733;2;8;9
829729;1;10;5
829729;2;5;10
829727;1;3;1
829727;2;1;3
829725;1;9;4
829725;2;4;9
829721;1;1;10
829721;2;10;1
829719;1;2;3
829719;2;3;2
829717;1;10;9
829717;2;9;10
829715;1;4;1
829715;2;1;4
829713;1;8;2
829713;2;2;8
829711;1;5;3
829711;2;3;5
829709;1;9;1
829709;2;1;9
829707;1;5;4
829707;2;4;5
829705;1;8;10
829705;2;10;8
734049;1;8;9
734049;2;9;8
734047;1;5;9
734047;2;9;5
734045;1;5;10
734045;2;10;5
734043;1;9;8
734043;2;8;9
734041;1;10;1
734041;2;1;10
734039;1;9;4
734039;2;4;9
734035;1;2;5
734035;2;5;2
734037;1;8;3
734037;2;3;8
734031;1;10;4
734031;2;4;10
734033;1;9;1
734033;2;1;9
734027;1;8;2
734027;2;2;8
734029;1;5;3
734029;2;3;5
734025;1;9;10
734025;2;10;9
734023;1;8;5
734023;2;5;8
734021;1;3;2
734021;2;2;3
734019;1;4;9
734019;2;9;4
734017;1;1;10
734017;2;10;1
734013;1;5;2
734013;2;2;5
734015;1;3;8
734015;2;8;3
734011;1;1;4
734011;2;4;1
734009;1;8;10
734009;2;10;8
734007;1;3;9
734007;2;9;3
734005;1;2;4
734005;2;4;2
734003;1;5;1
734003;2;1;5
734001;1;3;10
734001;2;10;3
733997;1;9;8
733997;2;8;9
733999;1;2;1
733999;2;1;2
733995;1;10;5
733995;2;5;10
733993;1;4;3
733993;2;3;4
733991;1;2;9
733991;2;9;2
733989;1;1;3
733989;2;3;1
733985;1;4;8
733985;2;8;4
733987;1;9;5
733987;2;5;9
733983;1;10;2
733983;2;2;10
733981;1;4;5
733981;2;5;4
733979;1;1;8
733979;2;8;1
733977;1;2;3
733977;2;3;2
733975;1;4;1
733975;2;1;4
733973;1;10;9
733973;2;9;10
733971;1;5;8
733971;2;8;5
729317;1;10;3
729317;2;3;10
729315;1;8;1
729315;2;1;8
729313;1;9;2
729313;2;2;9
729311;1;3;5
729311;2;5;3
729309;1;4;10
729309;2;10;4
729307;1;8;9
729307;2;9;8
729305;1;1;2
729305;2;2;1
729301;1;3;4
729301;2;4;3
729303;1;5;10
729303;2;10;5
729299;1;2;8
729299;2;8;2
729297;1;1;5
729297;2;5;1
729295;1;9;3
729295;2;3;9
729293;1;5;4
729293;2;4;5
729291;1;1;9
729291;2;9;1
729289;1;8;4
729289;2;4;8
729287;1;2;10
729287;2;10;2
729285;1;3;1
729285;2;1;3
729283;1;5;9
729283;2;9;5
729281;1;4;2
729281;2;2;4
729279;1;10;8
729279;2;8;10
598073;1;5;10
598073;2;10;5
598072;1;10;1
598072;2;1;10
598071;1;1;3
598071;2;3;1
598070;1;5;10
598070;2;10;5
598069;1;3;8
598069;2;8;3
598067;1;13;4
598067;2;4;13
598068;1;2;5
598068;2;5;2
598066;1;9;10
598066;2;10;9
598065;1;3;1
598065;2;1;3
598028;1;9;4
598028;2;4;9
598063;1;10;1
598063;2;1;10
598061;1;8;13
598061;2;13;8
598062;1;5;4
598062;2;4;5
598045;1;2;9
598045;2;9;2
598060;1;10;3
598060;2;3;10
598058;1;1;5
598058;2;5;1
598057;1;8;2
598057;2;2;8
598056;1;9;3
598056;2;3;9
598055;1;13;10
598055;2;10;13
598054;1;4;2
598054;2;2;4
598053;1;13;8
598053;2;8;13
598052;1;9;1
598052;2;1;9
598051;1;3;5
598051;2;5;3
598049;1;1;4
598049;2;4;1
598050;1;10;8
598050;2;8;10
598064;1;9;2
598064;2;2;9
598047;1;1;13
598047;2;13;1
598046;1;10;5
598046;2;5;10
598044;1;3;4
598044;2;4;3
598043;1;8;1
598043;2;1;8
598042;1;13;2
598042;2;2;13
598041;1;5;9
598041;2;9;5
598040;1;4;8
598040;2;8;4
598039;1;3;10
598039;2;10;3
598038;1;13;5
598038;2;5;13
598037;1;10;9
598037;2;9;10
598036;1;1;2
598036;2;2;1
598034;1;5;8
598034;2;8;5
598035;1;4;13
598035;2;13;4
598033;1;10;2
598033;2;2;10
598032;1;1;3
598032;2;3;1
598031;1;8;9
598031;2;9;8
598030;1;5;3
598030;2;3;5
598029;1;8;10
598029;2;10;8
598059;1;4;9
598059;2;9;4
598027;1;2;13
598027;2;13;2
598026;1;5;1
598026;2;1;5
598025;1;9;13
598025;2;13;9
598024;1;4;10
598024;2;10;4
598023;1;2;1
598023;2;1;2
598022;1;8;5
598022;2;5;8
598021;1;3;9
598021;2;9;3
598020;1;4;5
598020;2;5;4
598019;1;1;10
598019;2;10;1
598018;1;13;3
598018;2;3;13
598016;1;9;8
598016;2;8;9
598017;1;2;4
598017;2;4;2
598015;1;5;13
598015;2;13;5
598014;1;1;9
598014;2;9;1
598013;1;8;3
598013;2;3;8
598012;1;5;2
598012;2;2;5
598011;1;10;13
598011;2;13;10
598010;1;4;3
598010;2;3;4
598009;1;13;1
598009;2;1;13
598008;1;2;8
598008;2;8;2
598007;1;9;5
598007;2;5;9
598048;1;2;3
598048;2;3;2
598006;1;10;4
598006;2;4;10
598005;1;1;8
598005;2;8;1
598004;1;3;2
598004;2;2;3
598003;1;13;9
598003;2;9;13
598002;1;5;10
598002;2;10;5
598001;1;4;1
598001;2;1;4
598000;1;3;13
598000;2;13;3
597999;1;2;10
597999;2;10;2
597998;1;8;4
597998;2;4;8
548381;1;8;5
548381;2;5;8
548380;1;4;5
548380;2;5;4
548379;1;5;10
548379;2;10;5
548378;1;4;8
548378;2;8;4
548377;1;1;10
548377;2;10;1
548376;1;14;2
548376;2;2;14
548375;1;13;8
548375;2;8;13
548374;1;9;4
548374;2;4;9
548373;1;14;1
548373;2;1;14
548371;1;9;5
548371;2;5;9
548372;1;4;2
548372;2;2;4
548370;1;10;8
548370;2;8;10
548369;1;4;9
548369;2;9;4
548368;1;8;5
548368;2;5;8
548367;1;2;10
548367;2;10;2
548366;1;9;14
548366;2;14;9
548365;1;1;13
548365;2;13;1
548364;1;5;4
548364;2;4;5
548363;1;8;10
548363;2;10;8
548362;1;13;2
548362;2;2;13
548361;1;1;5
548361;2;5;1
548329;1;14;4
548329;2;4;14
548360;1;10;2
548360;2;2;10
548359;1;14;9
548359;2;9;14
548358;1;13;1
548358;2;1;13
548357;1;4;8
548357;2;8;4
548356;1;2;14
548356;2;14;2
548355;1;10;5
548355;2;5;10
548354;1;9;1
548354;2;1;9
548353;1;8;13
548353;2;13;8
548352;1;5;14
548352;2;14;5
548351;1;13;10
548351;2;10;13
548350;1;2;9
548350;2;9;2
548349;1;1;4
548349;2;4;1
548348;1;14;13
548348;2;13;14
548347;1;5;8
548347;2;8;5
548346;1;10;14
548346;2;14;10
548345;1;4;1
548345;2;1;4
548344;1;8;2
548344;2;2;8
548343;1;5;9
548343;2;9;5
548342;1;4;10
548342;2;10;4
548341;1;13;14
548341;2;14;13
548339;1;9;10
548339;2;10;9
548337;1;13;4
548337;2;4;13
548336;1;1;2
548336;2;2;1
548334;1;10;9
548334;2;9;10
548335;1;14;8
548335;2;8;14
548333;1;4;13
548333;2;13;4
548332;1;5;1
548332;2;1;5
548331;1;9;2
548331;2;2;9
548330;1;5;13
548330;2;13;5
548321;1;4;14
548321;2;14;4
548328;1;9;8
548328;2;8;9
548327;1;2;13
548327;2;13;2
548326;1;1;14
548326;2;14;1
548325;1;10;4
548325;2;4;10
548324;1;2;1
548324;2;1;2
548323;1;8;9
548323;2;9;8
548322;1;13;5
548322;2;5;13
548320;1;8;1
548320;2;1;8
548319;1;9;13
548319;2;13;9
548318;1;5;2
548318;2;2;5
548317;1;10;1
548317;2;1;10
548316;1;4;5
548316;2;5;4
548315;1;2;8
548315;2;8;2
548314;1;14;10
548314;2;10;14
548313;1;13;9
548313;2;9;13
548312;1;1;8
548312;2;8;1
548311;1;14;5
548311;2;5;14
548310;1;2;4
548310;2;4;2
548309;1;1;9
548309;2;9;1
548308;1;10;13
548308;2;13;10
548307;1;8;4
548307;2;4;8
548306;1;5;10
548306;2;10;5
501271;1;5;2
501271;2;2;5
501270;1;2;10
501270;2;10;2
501269;1;10;8
501269;2;8;10
501268;1;2;5
501268;2;5;2
501267;1;8;10
501267;2;10;8
501266;1;2;5
501266;2;5;2
501265;1;4;13
501265;2;13;4
501264;1;9;14
501264;2;14;9
501263;1;10;1
501263;2;1;10
501262;1;13;8
501262;2;8;13
501261;1;5;15
501261;2;15;5
501260;1;9;2
501260;2;2;9
501259;1;13;14
501259;2;14;13
501258;1;15;1
501258;2;1;15
501257;1;9;4
501257;2;4;9
501255;1;2;8
501255;2;8;2
501256;1;10;14
501256;2;14;10
501254;1;15;9
501254;2;9;15
501253;1;5;4
501253;2;4;5
501252;1;1;2
501252;2;2;1
501251;1;9;10
501251;2;10;9
501250;1;14;13
501250;2;13;14
501249;1;1;5
501249;2;5;1
501248;1;9;13
501248;2;13;9
501247;1;2;15
501247;2;15;2
501246;1;10;4
501246;2;4;10
501245;1;8;5
501245;2;5;8
501244;1;2;9
501244;2;9;2
501243;1;14;4
501243;2;4;14
501242;1;15;8
501242;2;8;15
501241;1;13;10
501241;2;10;13
501240;1;5;1
501240;2;1;5
501239;1;14;8
501239;2;8;14
501238;1;4;15
501238;2;15;4
501237;1;10;9
501237;2;9;10
501235;1;1;13
501235;2;13;1
501236;1;5;14
501236;2;14;5
501233;1;15;4
501233;2;4;15
501234;1;8;9
501234;2;9;8
501232;1;2;13
501232;2;13;2
501231;1;1;10
501231;2;10;1
501230;1;4;8
501230;2;8;4
501228;1;13;5
501228;2;5;13
501229;1;15;14
501229;2;14;15
501227;1;4;2
501227;2;2;4
501226;1;5;13
501226;2;13;5
501225;1;1;15
501225;2;15;1
501224;1;14;10
501224;2;10;14
501223;1;4;9
501223;2;9;4
501222;1;8;2
501222;2;2;8
501221;1;10;5
501221;2;5;10
501220;1;9;1
501220;2;1;9
501218;1;10;13
501218;2;13;10
501219;1;8;15
501219;2;15;8
501216;1;4;14
501216;2;14;4
501215;1;15;5
501215;2;5;15
501214;1;8;1
501214;2;1;8
501213;1;13;4
501213;2;4;13
501212;1;14;9
501212;2;9;14
501211;1;5;2
501211;2;2;5
501210;1;10;15
501210;2;15;10
501209;1;1;8
501209;2;8;1
501208;1;14;2
501208;2;2;14
501207;1;13;15
501207;2;15;13
501206;1;9;5
501206;2;5;9
501204;1;1;4
501204;2;4;1
501205;1;2;10
501205;2;10;2
501203;1;8;14
501203;2;14;8
501202;1;13;9
501202;2;9;13
501201;1;4;10
501201;2;10;4
501200;1;15;2
501200;2;2;15
501199;1;14;1
501199;2;1;14
501198;1;5;8
501198;2;8;5
419165;1;5;10
419165;2;10;5
419164;1;2;14
419164;2;14;2
419163;1;5;14
419163;2;14;5
419162;1;2;10
419162;2;10;2
419161;1;8;10
419161;2;10;8
419160;1;4;14
419160;2;14;4
419159;1;9;5
419159;2;5;9
419158;1;8;1
419158;2;1;8
419157;1;2;10
419157;2;10;2
419156;1;9;14
419156;2;14;9
419155;1;5;4
419155;2;4;5
419154;1;1;2
419154;2;2;1
419153;1;5;8
419153;2;8;5
419152;1;10;4
419152;2;4;10
419151;1;14;2
419151;2;2;14
419150;1;1;10
419150;2;10;1
419149;1;4;9
419149;2;9;4
419148;1;2;8
419148;2;8;2
419147;1;14;5
419147;2;5;14
419146;1;9;10
419146;2;10;9
419145;1;2;14
419145;2;14;2
419144;1;8;4
419144;2;4;8
419143;1;1;9
419143;2;9;1
419142;1;5;10
419142;2;10;5
419141;1;14;1
419141;2;1;14
419139;1;8;9
419139;2;9;8
419140;1;4;2
419140;2;2;4
419138;1;10;14
419138;2;14;10
419137;1;5;1
419137;2;1;5
419136;1;9;2
419136;2;2;9
419135;1;8;14
419135;2;14;8
419134;1;4;1
419134;2;1;4
419133;1;5;2
419133;2;2;5
419132;1;10;9
419132;2;9;10
419131;1;4;8
419131;2;8;4
419130;1;14;10
419130;2;10;14
419129;1;1;5
419129;2;5;1
419127;1;9;8
419127;2;8;9
419126;1;1;14
419126;2;14;1
419125;1;5;10
419125;2;10;5
419128;1;2;4
419128;2;4;2
419124;1;9;1
419124;2;1;9
419123;1;2;5
419123;2;5;2
419122;1;10;8
419122;2;8;10
419121;1;5;9
419121;2;9;5
419120;1;14;4
419120;2;4;14
419119;1;10;2
419119;2;2;10
419118;1;1;8
419118;2;8;1
419116;1;4;5
419116;2;5;4
419117;1;14;9
419117;2;9;14
419115;1;2;1
419115;2;1;2
419114;1;4;10
419114;2;10;4
419113;1;8;5
419113;2;5;8
419112;1;2;9
419112;2;9;2
419111;1;1;4
419111;2;4;1
419109;1;8;2
419109;2;2;8
419110;1;5;14
419110;2;14;5
419108;1;9;4
419108;2;4;9
419107;1;10;1
419107;2;1;10
419106;1;14;8
419106;2;8;14
392239;1;2;14
392239;2;14;2
392238;1;2;5
392238;2;5;2
392237;1;4;14
392237;2;14;4
392236;1;2;14
392236;2;14;2
392235;1;4;10
392235;2;10;4
392234;1;5;9
392234;2;9;5
392233;1;8;1
392233;2;1;8
392232;1;2;4
392232;2;4;2
392231;1;5;8
392231;2;8;5
392230;1;4;1
392230;2;1;4
392229;1;14;9
392229;2;9;14
392227;1;5;10
392227;2;10;5
392228;1;14;8
392228;2;8;14
392226;1;4;9
392226;2;9;4
392225;1;10;1
392225;2;1;10
392224;1;2;5
392224;2;5;2
392223;1;14;4
392223;2;4;14
392222;1;9;10
392222;2;10;9
392221;1;2;8
392221;2;8;2
392220;1;14;1
392220;2;1;14
392219;1;4;8
392219;2;8;4
392218;1;2;10
392218;2;10;2
392216;1;14;9
392216;2;9;14
392217;1;5;1
392217;2;1;5
392215;1;4;10
392215;2;10;4
392214;1;5;9
392214;2;9;5
392213;1;2;1
392213;2;1;2
392212;1;14;10
392212;2;10;14
392211;1;4;8
392211;2;8;4
392210;1;9;1
392210;2;1;9
392209;1;5;14
392209;2;14;5
392208;1;2;10
392208;2;10;2
392207;1;9;8
392207;2;8;9
392205;1;14;1
392205;2;1;14
392206;1;5;4
392206;2;4;5
392203;1;8;10
392203;2;10;8
392204;1;2;9
392204;2;9;2
392202;1;5;1
392202;2;1;5
392201;1;14;4
392201;2;4;14
392200;1;9;10
392200;2;10;9
392199;1;2;8
392199;2;8;2
392198;1;4;1
392198;2;1;4
392197;1;8;10
392197;2;10;8
392196;1;5;14
392196;2;14;5
392194;1;2;4
392194;2;4;2
392195;1;9;1
392195;2;1;9
392192;1;14;10
392192;2;10;14
392191;1;2;9
392191;2;9;2
392190;1;8;1
392190;2;1;8
392189;1;5;4
392189;2;4;5
392188;1;2;14
392188;2;14;2
392186;1;9;8
392186;2;8;9
392185;1;2;5
392185;2;5;2
392184;1;14;8
392184;2;8;14
392183;1;4;9
392183;2;9;4
392182;1;2;1
392182;2;1;2
392181;1;5;10
392181;2;10;5
336040;1;5;1
336040;2;1;5
336039;1;5;9
336039;2;9;5
336038;1;4;1
336038;2;1;4
336019;1;9;1
336019;2;1;9
336012;1;2;10
336012;2;10;2
336037;1;14;5
336037;2;5;14
336036;1;1;10
336036;2;10;1
336035;1;8;9
336035;2;9;8
336002;1;14;2
336002;2;2;14
336033;1;5;1
336033;2;1;5
336032;1;4;10
336032;2;10;4
336031;1;9;14
336031;2;14;9
336029;1;5;2
336029;2;2;5
336028;1;10;9
336028;2;9;10
336027;1;8;1
336027;2;1;8
336026;1;2;4
336026;2;4;2
336025;1;8;5
336025;2;5;8
336024;1;14;10
336024;2;10;14
336022;1;4;9
336022;2;9;4
336023;1;1;2
336023;2;2;1
336021;1;10;8
336021;2;8;10
336020;1;4;14
336020;2;14;4
336018;1;10;5
336018;2;5;10
336017;1;8;4
336017;2;4;8
336016;1;9;2
336016;2;2;9
336015;1;1;4
336015;2;4;1
336014;1;14;8
336014;2;8;14
336013;1;5;9
336013;2;9;5
336011;1;1;14
336011;2;14;1
336009;1;4;5
336009;2;5;4
336010;1;8;2
336010;2;2;8
336008;1;10;1
336008;2;1;10
336007;1;5;14
336007;2;14;5
336006;1;2;9
336006;2;9;2
336005;1;1;5
336005;2;5;1
336004;1;10;4
336004;2;4;10
336034;1;2;14
336034;2;14;2
336003;1;9;8
336003;2;8;9
336001;1;5;4
336001;2;4;5
336000;1;1;8
336000;2;8;1
335999;1;14;9
335999;2;9;14
335998;1;4;2
335998;2;2;4
335997;1;8;10
335997;2;10;8
335996;1;2;5
335996;2;5;2
335995;1;9;4
335995;2;4;9
335994;1;10;14
335994;2;14;10
335993;1;5;8
335993;2;8;5
335992;1;2;1
335992;2;1;2
335991;1;9;10
335991;2;10;9
335990;1;14;1
335990;2;1;14
335989;1;5;10
335989;2;10;5
335988;1;14;4
335988;2;4;14
335987;1;1;9
335987;2;9;1
335986;1;8;14
335986;2;14;8
335985;1;10;2
335985;2;2;10
335984;1;4;1
335984;2;1;4
335983;1;9;5
335983;2;5;9
335982;1;2;8
335982;2;8;2
